"Marca temporal","Nombre de usuario","Nombre ","Programa al que pertenece","Tipo de solicitud","Respuestas solicitudes realizadas en el ultimo año","Frecuencia de solicitudes enviadas","Satisfacción de tiempo respuesta","¿Qué aspectos podrían mejorar?","Preguntas o inquietudes frecuentes que debería decir la universidad"
"2024/04/22 4:12:22 p. m. GMT-5","alemude64@gmail.com","Alejandra muñoz","Negocios internacionales","Académico semestre","Muy bueno","Mensual","Muy Bueno","Ninguno ","Ninguna. "
"2024/04/22 4:18:42 p. m. GMT-5","natahd55@gmail.com","Natalia","Arquitectura","Admisiones","Satisfactorio","Quincenal","Bueno","Nada","No"
"2024/04/22 5:24:00 p. m. GMT-5","michael.rodriguez@udea.edu.co","Michael ","Negocios internacionales","Académico semestre","Satisfactorio","Otro","Regular",".","."
"2024/04/22 10:21:56 p. m. GMT-5","sebascannabis01@gmail.com","Sebastian Contreras Rico","Ingeniería ambiental","Requisito para obtener el título","Satisfactorio","Otro","Bueno","N/A","N/A"
"2024/04/22 10:36:47 p. m. GMT-5","nicolas.guevara@estudiantes.uamerica.edu.co","Nicolás Andrés Guevara Villate ","Ingeniería mecánica","Académico semestre","Satisfactorio","Semestral","Bueno","Solución de petición más eficientes y por medio de llamada y correo, no solo si uno va directamente a en la U ","Modalidades para poder graduarse "
"2024/04/22 10:38:12 p. m. GMT-5","renzo.sanchez@estudiantes.uamerica.edu.co","Felipe Sanchez ","Ingeniería mecánica","Requisito para obtener el título","Satisfactorio","Diaria","Regular","Mejor atención ","Ninguna "
"2024/04/23 6:44:04 a. m. GMT-5","nataliaveloza5@gmail.com","Natalia veloza ","Administración","Requisito para obtener el título","Satisfactorio","Quincenal","Bueno","N/a","N/a"
"2024/04/23 7:06:36 a. m. GMT-5","diegocruz999@hotmail.com","Diego Cruz ","Ingeniería mecánica","Requisito para obtener el título","Satisfactorio","Diaria","Bueno","Mayor eficiencia ","Requisitos y tiempo de espera"
"2024/04/23 7:10:29 a. m. GMT-5","Sebitaspineda.123@gmail.com","Juan Sebastian Pineda Roa ","Ingeniería química","Requisito para obtener el título","Satisfactorio","Mensual","Bueno","Menos tiempo de espera","N/A"
"2024/04/23 10:28:59 a. m. GMT-5","garciam1098@hotmail.com","Matteo Garcia","Ingeniería industrial","Requisito para obtener el título","Muy bueno","Quincenal","Bueno","si","si"
"2024/04/23 10:36:53 a. m. GMT-5","josedavidnarcisocalderon@gmail.com","José David Narciso Calderón","Ingeniería industrial","Requisito para obtener el título","Satisfactorio","Semestral","Bueno","Tiempos de respuesta más rápidos","NA"
"2024/04/23 10:47:46 a. m. GMT-5","wlicona1945@gmail.com","Andres Briceño","Economía","Requisito para obtener el título","Muy bueno","Semestral","Regular","Los mecanismos a la hora de contactar al estudiante ","No tengo"
"2024/04/23 10:53:31 a. m. GMT-5","jerasos@unal.edu.co","Juan Camilo Eraso Sánchez","Ingeniería de energías","Requisito para obtener el título","Muy bueno","Otro","Regular","El tiempo se respuesta","Los precios y explicar el tramite"
"2024/04/23 9:17:37 p. m. GMT-5","santi140398@gmail.com","Abel Santiago Ramírez Rodríguez ","Ingeniería mecánica","Académico semestre","Excelente","Diaria","Muy Bueno","Nada ","Ninguna "
"2024/04/23 9:17:43 p. m. GMT-5","cotrino1996@hotmail.com","Juan Sebastian Cotrino ","Ingeniería industrial","Académico semestre","Deficiente","Mensual","Malo","Diligencia en las respuestas exigidas ","Satisfacción en el bienestar universitario."
"2024/04/23 9:17:56 p. m. GMT-5","fer.delgadillo1995@gmail.com","María Fernanda Delgadillo Estrada ","Negocios internacionales","Requisito para obtener el título","Medio","Bimestral","Pésimo","Todo está acorde","Ninguna en especial"
"2024/04/23 9:20:03 p. m. GMT-5","astarothmaghed@gmail.com","Johann Maghed Ortega Castro ","Ingeniería mecatrónica","Requisito para obtener el título","Satisfactorio","Trimestral","Muy Bueno","Está perfecto ","Ninguno "
"2024/04/23 9:20:27 p. m. GMT-5","emithcontreras@gmail.com","Samanta Emith Contreras Rico ","Estadística y ciencias actuariales","Académico semestre","Satisfactorio","Quincenal","Bueno","La claridad de las respuestas dadas, debido a que en algunos casos las respuestas no son las adecuadas pero en el tiempo es bastante bueno, y la mayoría son bastante adecuadas.","La calidad de vida"
"2024/04/23 9:25:07 p. m. GMT-5","danielhd70@hotmail.com","Daniel","Ingeniería mecatrónica","Académico semestre","Muy bueno","Mensual","Regular","Rapidez","Tiempos"
"2024/04/23 9:25:54 p. m. GMT-5","stevenrodas2024@gmail.com","Stiven","Ingeniería mecánica","Admisiones","Satisfactorio","Semanal","Bueno","Ninguno","Ninguna"
"2024/04/23 9:32:35 p. m. GMT-5","santicg471@gmail.com","Santiago casas ","Ingeniería mecánica","Admisiones","Satisfactorio","Anual","Muy Bueno",".","."
"2024/04/23 9:50:27 p. m. GMT-5","stivenst549@gmail.com","Stiven ","Ingeniería de energías","Académico semestre","Satisfactorio","Quincenal","Bueno","Ninguno está bien ","Ninguno todo relax"
"2024/04/23 9:50:36 p. m. GMT-5","samalinda98@hotmail.com","Samanta Hernández Torres ","Ingeniería ambiental","Admisiones","Medio","Trimestral","Regular","Agilidad ","Nn"
"2024/04/23 9:59:34 p. m. GMT-5","anasofiacontrerasrico@gmail.com","Ana ","Ingeniería mecánica","Académico semestre","Medio","Anual","Bueno","Jwjdjqjbdkqjs","Hfjdbxjjedjja"
"2024/04/23 11:10:09 p. m. GMT-5","cagg2601@gmail.com","Christian Alejandro Garcia Gutierrez","Economía","Financiera","Excelente","Quincenal","Muy Bueno","Ninguna ","¿La carrera que escoge es de gusto propio o es por decisión de un familiar?"